2ZF6659244,2015326132
2ZF6668742,2015326084
2ZF6669885,2015326051
2ZF6676991,2015326036
2ZF6679304,2015326003
2ZF6690323,2015325970
2ZF6690454,2015325944
2ZF6690700,2015325885
2ZF6694293,2015325841
2ZF6696014,2015325815
2ZF6698462,2015325712
2ZF6703083,2015325686
2ZF6703259,2015325631
2ZF6704983,2015325616
2ZF6705602,2015325583
2ZF6705729,2015325572
2ZF6711719,2015325535
2ZF6715887,2015325480
2ZF6717329,2015325406
2ZF6720568,2015325362
2ZF6724664,2015325351
2ZF6726693,2015325340
2ZF6728373,2015325314
2ZF6735238,2015325141
2ZF6736025,2015325104
2ZF6736565,2015325093
2ZF6737277,2015325056
2ZF6737882,2015325023
2ZF6738322,2015324986
2ZF6738662,2015324953
2ZF6739919,2015324905
2ZF6740249,2015324872
2ZF6740756,2015324802
2ZF6741734,2015324732
2ZF6742010,2015324706
2ZF6742347,2015324695
2ZF6742563,2015324662
2ZF6743206,2015324603
2ZF6743342,2015324544
2ZF6744170,2015324522
2ZF6744190,2015324430
2ZF6744844,2015324371
2ZF6745335,2015324301
2ZF6745804,2015324231
2ZF6746428,2015324216
2ZF6746477,2015324205
2ZF6746563,2015324150
2ZF6747372,2015324102
2ZF6747524,2015324076
2ZF6747657,2015323995
2ZF6747676,2015323785
2ZF6747697,2015323660
2T28233046,2015331312
2T28241754,2015331286
2T28251459,2015331242
2T28252123,2015331205
2T28253507,2015331135
2T28262366,2015331080
2T28263575,2015331032
2T28263628,2015331010
2T28264170,2015330951
2T28264441,2015330925
2T28264563,2015330892
2T28264627,2015330844
2T28265056,2015330796
2T28265114,2015330752
2T28265463,2015330715
2T28265601,2015330634
2T28265744,2015330623
2T28266339,2015330575
2T28266370,2015330542
2T28266780,2015330516
2T28266931,2015330483
2ZF6658128,2015330461
2ZF6701091,2015330380
2ZF6724234,2015330310
2ZF6731957,2015330295
2ZF6735344,2015330144
2ZF6736453,2015330085
2ZF6737264,2015330063
2ZF6737358,2015330004
2ZF6737555,2015329982
2ZF6739375,2015329934
2ZF6740500,2015329901
2ZF6741244,2015329816
2ZF6742388,2015329783
2ZF6742785,2015329761
2ZF6743700,2015329680
2ZF6743733,2015329654
2ZF6743940,2015329621
2ZF6743945,2015329540
2ZF6744105,2015328475
2ZF6744705,2015329433
2ZF6745126,2015329411
2ZF6745260,2015329374
2ZF6745517,2015329330
2ZF6745792,2015329304
2ZF6746531,2015329271
2ZF6746701,2015329186
2ZF6747732,2015329131
2ZF6747780,2015329105
50H3909129,2015329061
50H3909261,2015329024
50H3909273,2015328770
50H3909386,2015328722
2ZF6728481,7571304576
2ZF6744371,7571304554
50H3909290,7571304565
